district,assessor,car,sheriff,county_treasurer,partisan_index
1,0.3956260251503554,0.3948872507093499,0.380155804879366,0.4676338983050847,0.40957574476103903
2,0.30899750200311066,0.2970836549030613,0.3094865628429335,0.39464820359281433,0.32755398083547993
3,0.03484708063021319,0.042351434582431347,0.021096019590247428,0.15220764994066277,0.06262554618588868
4,-0.016742953505179514,-0.033108632106424896,-0.0005046157499480342,0.09328636675721663,0.010732541348916047
5,0.21740487128369596,0.21432606871993287,0.2139492011470709,0.32209296366524875,0.24194327620398712
