district,assessor,car,sheriff,county_treasurer,partisan_index
1,0.36554579852930674,0.3654462437253623,0.3504044646128696,0.4419151497981444,0.38082791416642076
2,0.3192762935407507,0.30742653964846367,0.312750735490773,0.40333322177972625,0.33569669761492843
3,0.05820190281591214,0.0643967431532198,0.04721759099059425,0.1721761568355964,0.08549809844883065
4,0.16010866707562882,0.15187125531853307,0.17065677352037567,0.26197395954429203,0.1861526638647074
5,0.05947980077476478,0.05548877767336147,0.06192730273157593,0.17599686574960827,0.08822318673232761
